SERVICE_STATION,ADDR,POST,STREET,BUILDING,CITY_ID,CITY,COUNTRY,CODE
Service Station Blaze,2624535,8930,Lauwestraat,52,4582,Menen,4,BE
TopLine Service Station,6578717,7327CJ,Burgersveld,511,776,Apeldoorn,43,NL
Utopia Service Station,12491401,9981JN,Havenweg,16d,2687,Uithuizen,43,NL
Overseas Service Station,8490545,3822EG,Henry van de Veldestraat,16,752,Amersfoort,43,NL
Service Station Promotions,4243413,8248,Talstra?e,61,250,Klingenthal,122,DE
Service Station Smooth,9032770,1444EW,G. Leegwaterhof,10,2317,Purmerend,43,NL
Montecarlo Service Station,493651,1800,Nijverheidsstraat,32,4676,Vilvoorde,4,BE
Service Station Store,7686321,7963AT,Bremkamp,27,2408,Ruinen,43,NL
Service Station Lover,8204346,1073JB,Van Helt Stocadestraat,29-2,758,Amsterdam,43,NL
Country Service Station,8516292,9531TC,Rolderstraat,11A-274,933,Borger,43,NL
Sensible Service Station,7170106,3262XG,Admiraal de Ruyterstraat,114,2235,Oud-Beijerland,43,NL
Superstar Service Station,712762,9230,Begijnestraat,23,4692,Wetteren,4,BE
Service Station Ready,7922079,3643BD,Zirkoon,19,1970,Mijdrecht,43,NL
Intra Service Station,3465488,12203,Lukas-Cranach-Stra?e,5,34,Berlin,122,DE
Sense Service Station,3060578,41301,Erbenova,1256,3984,Roudnice nad Labem,113,CZ
Avalanche Service Station,8664879,2685EM,Voorstraat,14-ap04,2307,Poeldijk,43,NL
Baseline Service Station,1472791,9100,Olmenstraat,12,4653,Sint-Niklaas,4,BE
Walnut Service Station,11956721,4793AC,Vermeerstraat,19,1283,Fijnaart,43,NL
Service Station Anywhere,8815681,3137LN,Lissabonweg,497,2758,Vlaardingen,43,NL
Venue Service Station,11869088,5741CT,Schoolstraat,3,838,Beek en Donk,43,NL
Service Station Discovery,8201060,1403JN,Claudiagaarde,63,1007,Bussum,43,NL
Service Station Secure,8132699,3023EC,Duyststraat,115,2399,Rotterdam,43,NL
Resolute Service Station,142023,1050,Legrandlaan,55,4456,Elsene,4,BE
RiverBend Service Station,11873979,4043GK,Nannenbergstraat,19,2210,Opheusden,43,NL
SolidRock Service Station,313740,2580,Bredestraat,171,4620,Putte,4,BE
General Service Station,3536173,8062,Allendestra?e,9,630,Zwickau,122,DE
Management Service Station,9335196,9302DB,Geerakker,9,2382,Roden,43,NL
Upbeat Service Station,6169178,8043NH,Fonteinkruid,5,3069,Zwolle,43,NL
LeadingEdge Service Station,1661576,3545,Bloemendaalstraat,71,4479,Halen,4,BE
Sniper Service Station,8141927,2716BJ,Flevoland,20,3024,Zoetermeer,43,NL
West Service Station,9897667,2562EJ,Regentesselaan,244,679,'s-Gravenhage,43,NL
Service Station Forward,7955733,7451GJ,Waardenborchstraat,20,1569,Holten,43,NL
Evolution Service Station,10746586,2242GZ,Wassenaerstraat,15,2835,Wassenaar,43,NL
OneShot Service Station,8177905,6659KA,de Hul,6,2816,Wamel,43,NL
Service Station Consultancy,693597,8551,Charles Decockstraat,19,4722,Zwevegem,4,BE
Blueberry Service Station,1808112,8530,Koning Albertlaan,10,4484,Harelbeke,4,BE
Pattern Service Station,10006962,8141XC,Goudenregen,98,1498,Heino,43,NL
Incentive Service Station,226104,3140,Schrieksebaan,153A,4525,Keerbergen,4,BE
BigApple Service Station,7848262,3281AW,Zijlstraweg,41,2128,Numansdorp,43,NL
Mobility Service Station,875581,2970,Maretak,24,4639,Schilde,4,BE
Enlighten Service Station,4032265,9114,Heinersdorfer Stra?e,64,71,Chemnitz,122,DE
Analog Service Station,5176557,2011ZT,Nieuwe Kerksplein,12,1408,Haarlem,43,NL
Takeaway Service Station,12511373,3202CC,Mimosastraat,12A,2549,Spijkenisse,43,NL
Service Station Hunters,2244697,1500,Albertstraat,47,4480,Halle,4,BE
Service Station Exclusive,81920,9000,Raveschootstraat,15,4469,Gent,4,BE
River Service Station,355505,3600,Loofstraat,18,4468,Genk,4,BE
Service Station Status,4929834,3882MS,Hooiweg,6C,2321,Putten,43,NL
Trust Service Station,7555872,7983KB,De Kamp,2,2821,Wapse,43,NL
Hydro Service Station,1871859,2018,Van Putlei,13,4392,Antwerpen,4,BE
Varsity Service Station,276757,8880,Meersstraat,7L,4550,Ledegem,4,BE
Launchpad Service Station,9228508,3071LD,Prins Hendriklaan,6,2399,Rotterdam,43,NL
Integrated Service Station,12987498,2033WL,Berlagelaan,24,1408,Haarlem,43,NL
Spear Service Station,2188148,2223,Bredestraat,36C,4488,Heist-op-den-Berg,4,BE
Strategic Service Station,737484,2845,Ringovenlaan,40,4597,Niel,4,BE
Knight Service Station,10727823,5014SM,Sint Pieterspark,160,2645,Tilburg,43,NL
Brilliant Service Station,5370501,4388KN,Prins Hendrikstraat,14,2177,Oost-Souburg,43,NL
Plan Service Station,9201888,9712SB,Nieuwe Kijk in 't Jatstraat,1a,1392,Groningen,43,NL
Guru Service Station,12346966,9231ET,Grietmanstraat,50,2600,Surhuisterveen,43,NL
Unlimited Service Station,6618915,4902TR,De Besterd,10,2186,Oosterhout,43,NL
Resonance Service Station,1998015,3090,Boslaan,49,4614,Overijse,4,BE
ClearView Service Station,981653,1050,Van Aastraat,11,4456,Elsene,4,BE
Balanced Service Station,33137,8820,Leliestraat,16,4670,Torhout,4,BE
Service Station River,3875170,4668,Am Weinberg,6,166,Grimma,122,DE
Service Station Top,6998319,7522ME,Calslaan,42A,1247,Enschede,43,NL
Goto Service Station,10883876,2251SP,Bethlehemstraat,31,2778,Voorschoten,43,NL
Mosaic Service Station,7851914,5014RE,Schotelplein,10,2645,Tilburg,43,NL
Entity Service Station,12306124,1108DC,Leusdenhof,138,758,Amsterdam,43,NL
Push Service Station,9815959,5341RE,Hertogin Aleidestraat,11,2220,Oss,43,NL
GameDay Service Station,3043330,38241,Blansko,115,3473,Kaplice,113,CZ
Service Station Logistics,12300658,2133HP,Musholm,59,1579,Hoofddorp,43,NL
Reservoir Service Station,10222703,5704NP,Hof Bruheze,221,1507,Helmond,43,NL
Alive Service Station,6269462,2324LJ,Louis Armstronglaan,77,1799,Leiden,43,NL
Service Station Smarts,2239072,1050,Rue Sans Souci,137,4515,Ixelles,4,BE
Article Service Station,681947,9771,Lindeknokstraat,19,4541,Kruishoutem,4,BE
RedBox Service Station,693487,2960,Eikenlei,50B,4429,Brecht,4,BE
Dynamite Service Station,7296042,2553BC,Pisuissestraat,97,679,'s-Gravenhage,43,NL
Cluster Service Station,9274298,6713HA,Goudsbloemstraat,33,1186,Ede,43,NL
Friendly Service Station,10522216,2021TD,Tugelastraat,72,1408,Haarlem,43,NL
Geo Service Station,8426424,3514XN,Van Swindenstraat,39,2703,Utrecht,43,NL
Guess Service Station,11792598,7523TJ,Schiestraat,94,1247,Enschede,43,NL
Profound Service Station,11514747,8315BG,Aronskelk,3,1880,Luttelgeest,43,NL
Comet Service Station,2762017,3080,Brusselsesteenweg,83,4664,Tervuren,4,BE
Nations Service Station,4705506,3014GJ,Nieuwe Binnenweg,117B-01,2399,Rotterdam,43,NL
Need Service Station,1814346,3300,Industriepark,14A,4668,Tienen,4,BE
Structured Service Station,11544061,4706LS,Opaaldijk,7,2392,Roosendaal,43,NL
Dependable Service Station,10015925,7824PP,Danackers,18-GB04,1240,Emmen,43,NL
Service Station Band,9710993,1033SE,tt. Vasumweg,6.10E-12,758,Amsterdam,43,NL
Peregrine Service Station,10734920,3021DH,Heemraadssingel,112,2399,Rotterdam,43,NL
Service Station Case,11669609,9651BJ,Berkenlaan,37,1931,Meeden,43,NL
Service Station Supplies,1050247,2800,Augustijnenstraat,109,4577,Mechelen,4,BE
DreamCatcher Service Station,8982755,5652AK,Hurksestraat,22A,1218,Eindhoven,43,NL
Convergence Service Station,8095924,7542LH,Vastertlanden,184,1247,Enschede,43,NL
Formal Service Station,10137542,7311EN,Asselsestraat,50,776,Apeldoorn,43,NL
Prometheus Service Station,4175715,13051,Ellistra?e,11,34,Berlin,122,DE
NorthPole Service Station,8352896,3741ED,J.F. Kennedylaan,115,804,Baarn,43,NL
Service Station Knight,219194,9120,Brandstraat,72,4414,Beveren,4,BE
Service Station Reality,1547689,8600,Oostvesten,9,4449,Diksmuide,4,BE
BackCountry Service Station,10474808,2406BE,Van Boetzelaerstraat,85,743,Alphen aan den Rijn,43,NL
Saber Service Station,8169226,5941HC,Oude Venloseweg,81,2728,Velden,43,NL
